SEQ_VALUE,MSG_TIME_STAMP,HEAT_NUMBER,AGGREGATE,AL_KGS,AL_MTS,MSG_FLAG,UPDATE_DATE
7832,2022-04-05 15:04:50.137,22401724,LF4,199.996378094737,599.98913428421,C,2022-04-05 15:05:08.463
7831,2022-04-05 13:58:25.177,22101666,LF1,208.342686105263,625.028058315789,C,2022-04-05 13:58:38.227
7830,2022-04-05 13:54:13.683,22301671,LF3,207.3080388,621.9241164,C,2022-04-05 13:54:38.397
7829,2022-04-05 12:38:35.363,22101664,LF1,223.464833673684,670.394501021053,C,2022-04-05 12:38:38.207
7828,2022-04-05 12:30:11.880,22301670,LF3,76.6595346894737,229.978604068421,C,2022-04-05 12:30:38.267
7827,2022-04-05 11:13:30.373,22301669,LF3,105.470207789474,316.410623368421,C,2022-04-05 11:13:39.957
7826,2022-04-05 10:29:05.350,22101663,LF1,167.282998510526,501.848995531579,C,2022-04-05 10:29:08.243
7825,2022-04-05 09:42:13.577,22301668,LF3,182.391255189474,547.173765568421,C,2022-04-05 09:42:38.020
7824,2022-04-05 09:32:50.357,22201662,LF2,0,0,C,2022-04-05 09:33:08.073
7823,2022-04-05 08:38:11.607,22101662,LF1,170.6329065,511.8987195,C,2022-04-05 08:38:37.990
7822,2022-04-05 07:48:11.520,22401723,LF4,343.9546893,1031.8640679,C,2022-04-05 07:48:37.907
7821,2022-04-05 07:04:11.670,22101661,LF1,9.37772630000001,28.1331789,C,2022-04-05 07:04:37.987
7820,2022-04-05 05:36:05.360,22201660,LF2,156.97199013309,470.915970399269,C,2022-04-05 05:36:07.900
7819,2022-04-05 04:17:30.740,22101660,LF1,1.08997869999997,3.26993609999992,C,2022-04-05 04:17:37.827
7818,2022-04-05 03:36:35.733,22301665,LF3,12.1188591,36.3565773,C,2022-04-05 03:36:37.837
7817,2022-04-05 02:29:30.750,22201659,LF2,142.89864539499,428.695936184969,C,2022-04-05 02:29:37.783
7816,2022-04-05 01:18:50.747,22401722,LF4,88.245133,264.735399,C,2022-04-05 01:19:07.660
7815,2022-04-05 01:06:35.423,22201658,LF2,209.167055689474,627.501167068421,C,2022-04-05 01:06:37.640
7814,2022-04-05 00:56:35.433,22101659,LF1,34.0923746,102.2771238,C,2022-04-05 00:56:37.693
7813,2022-04-05 00:02:11.380,22301664,LF3,7.66847800000002,23.0054340000001,C,2022-04-05 00:02:37.523
7812,2022-04-04 23:47:30.893,22401721,LF4,154.875232389474,464.625697168421,C,2022-04-04 23:47:37.757
7811,2022-04-04 21:33:34.920,22101657,LF1,0.224713800000014,0.674141400000043,C,2022-04-04 21:33:37.867
7810,2022-04-03 23:13:35.647,22101647,LF5,13.6254546,40.8763638,C,2022-04-03 23:13:41.303
7809,2022-04-03 22:39:05.660,22401709,LF4,270.878222336842,812.634667010526,C,2022-04-03 22:39:11.907
7808,2022-04-03 20:32:35.443,22201646,LF3,99.3656201789474,298.096860536842,C,2022-04-03 20:32:41.070
7807,2022-04-03 02:38:12.333,22401696,LF4,183.604866189474,550.814598568421,C,2022-04-03 02:38:40.063
7806,2022-04-03 01:51:35.820,22301657,LF3,267.789079726316,803.367239178947,C,2022-04-03 01:51:40.090
7805,2022-04-03 01:42:50.877,22201634,LF2,162.399113305263,487.197339915789,C,2022-04-03 01:43:10.700
7804,2022-04-03 01:11:30.903,22101632,LF1,157.41052901579,472.231587047369,C,2022-04-03 01:11:39.860
7803,2022-04-03 01:06:11.337,22401695,LF4,135.0345842,405.1037526,C,2022-04-03 01:06:39.977
7802,2022-04-03 00:55:05.863,22401694,LF4,28.4077024,85.2231072,C,2022-04-03 00:55:10.957
7801,2022-04-03 00:26:12.263,22301656,LF3,188.5688358,565.7065074,C,2022-04-03 00:26:39.910
7800,2022-04-03 00:09:30.613,22201633,LF2,166.934031489474,500.802094468421,C,2022-04-03 00:09:39.903
7799,2022-04-02 23:27:30.543,22101631,LF1,136.5149012,409.5447036,C,2022-04-02 23:27:39.790
7798,2022-04-02 23:25:35.523,22401693,LF3,144.104263015789,432.312789047368,C,2022-04-02 23:25:39.987
7797,2022-04-02 22:40:11.330,22201632,LF2,79.3129071789473,237.938721536842,C,2022-04-02 22:40:39.897
7796,2022-04-02 22:24:35.543,22401692,LF4,6.27988863157893,18.8396658947368,C,2022-04-02 22:24:39.717
7795,2022-04-02 22:20:11.063,22101630,LF1,357.322032489474,1071.96609746842,C,2022-04-02 22:20:39.867
7794,2022-04-02 21:35:34.930,22301653,LF3,310.482157242105,931.446471726316,C,2022-04-02 21:35:39.700
7793,2022-04-02 21:32:25.233,22201631,LF2,117.930683189474,353.792049568421,C,2022-04-02 21:32:39.907
7792,2022-04-02 20:53:34.907,22401691,LF4,177.472219342105,532.416658026316,C,2022-04-02 20:53:39.773
7791,2022-04-02 20:35:06.040,22201630,LF2,193.8050758,581.4152274,C,2022-04-02 20:35:10.100
7790,2022-04-02 19:31:06.020,22201629,LF2,159.4071879,478.2215637,C,2022-04-02 19:31:09.980
7789,2022-04-02 19:15:35.413,22401690,LF4,80.4988707789474,241.496612336842,C,2022-04-02 19:15:40.563
7788,2022-04-02 18:30:06.037,22301651,LF3,219.832420336842,659.497261010526,C,2022-04-02 18:30:09.777
7787,2022-04-02 17:54:49.973,22201628,LF2,169.035228094737,507.105684284211,C,2022-04-02 17:55:10.580
7786,2022-04-02 17:25:06.103,22301650,LF4,270.2466926,810.7400778,C,2022-04-02 17:25:10.087
7785,2022-04-02 17:08:51.107,22101626,LF1,223.7627736,671.2883208,C,2022-04-02 17:09:11.250
7784,2022-04-02 16:27:29.890,22401688,LF4,217.955109094737,653.86532728421,C,2022-04-02 16:27:39.507
7783,2022-04-02 16:19:29.997,22101625,LF1,249.132558336842,747.397675010526,C,2022-04-02 16:19:39.540
7782,2022-04-02 15:41:25.293,22401687,LF4,208.880250136842,626.640750410526,C,2022-04-02 15:41:39.477
7781,2022-04-02 15:20:49.933,22201626,LF2,57.9256070210526,173.776821063158,C,2022-04-02 15:21:09.893
7780,2022-04-02 14:19:30.717,22401686,LF4,204.589442405263,613.76832721579,C,2022-04-02 14:19:39.427
7779,2022-04-02 14:05:30.737,22101624,LF1,191.067764321053,573.203292963158,C,2022-04-02 14:05:39.340
7778,2022-04-02 13:12:13.207,22301647,LF3,135.498525921053,406.495577763158,C,2022-04-02 13:12:39.393
7777,2022-04-02 13:00:11.637,22101623,LF1,210.743565210526,632.230695631579,C,2022-04-02 13:00:39.347
7776,2022-04-02 12:10:12.800,22201624,LF2,111.325892978947,333.977678936842,C,2022-04-02 12:10:39.340
7775,2022-04-02 02:42:13.843,22301639,LF3,204.5240336,613.5721008,C,2022-04-02 02:42:38.780
7774,2022-04-02 02:36:13.760,22101614,LF1,382.306151242105,1146.91845372632,C,2022-04-02 02:36:38.757
7773,2022-04-02 02:09:30.117,22401677,LF4,161.054262421053,483.162787263158,C,2022-04-02 02:09:38.733
7772,2022-04-02 01:48:50.120,22101613,LF1,149.8649838,449.5949514,C,2022-04-02 01:49:08.767
7771,2022-04-02 01:18:35.140,22401676,LF4,187.352076021053,562.056228063158,C,2022-04-02 01:18:38.797
7770,2022-04-02 00:58:53.213,22201615,LF2,332.772571142105,998.317713426316,C,2022-04-02 00:59:09.090
7769,2022-04-02 00:18:12.140,22301637,LF3,229.040007536842,687.120022610526,C,2022-04-02 00:18:38.597
7768,2022-04-02 00:12:12.850,22101612,LF1,111.883644,335.650932,C,2022-04-02 00:12:38.687
7767,2022-04-01 23:41:30.110,22401675,LF4,154.967024778947,464.901074336842,C,2022-04-01 23:41:38.700
7766,2022-04-01 23:06:50.100,22301636,LF3,160.886691689474,482.660075068421,C,2022-04-01 23:07:09.217
7765,2022-04-01 22:31:35.130,22201613,LF2,242.597781378947,727.793344136842,C,2022-04-01 22:31:38.463
7764,2022-04-01 22:19:05.130,22401674,LF4,37.1568490210526,111.470547063158,C,2022-04-01 22:19:08.623
7763,2022-04-01 21:34:50.100,22301635,LF3,140.452098189474,421.356294568421,C,2022-04-01 21:35:08.500
7762,2022-04-01 21:19:35.117,22201612,LF2,162.926081421053,488.778244263158,C,2022-04-01 21:19:38.557
7761,2022-04-01 20:54:12.733,22401673,LF4,211.650614689474,634.951844068421,C,2022-04-01 20:54:38.530
7760,2022-04-01 20:11:30.120,22101609,LF1,244.207228336842,732.621685010526,C,2022-04-01 20:11:38.483
7759,2022-04-01 19:48:50.110,22301634,LF3,0,0,C,2022-04-01 19:49:08.517
7758,2022-04-01 19:35:35.127,22201611,LF2,166.797942721053,500.393828163158,C,2022-04-01 19:35:38.460
7757,2022-04-01 19:12:49.893,22401672,LF4,159.892789821053,479.678369463158,C,2022-04-01 19:13:08.400
7756,2022-04-01 18:25:30.457,22301633,LF3,81.1393279789474,243.417983936842,C,2022-04-01 18:25:38.207
7755,2022-04-01 18:21:30.513,22201610,LF2,175.832083221053,527.496249663158,C,2022-04-01 18:21:38.393
7754,2022-04-01 17:37:35.457,22301632,LF3,154.6538352,463.9615056,C,2022-04-01 17:37:38.290
7753,2022-04-01 17:30:50.457,22101607,LF1,190.359630010526,571.078890031579,C,2022-04-01 17:31:08.363
7752,2022-04-01 16:59:05.437,22201609,LF2,197.4107947,592.2323841,C,2022-04-01 16:59:08.307
7751,2022-04-01 16:41:35.457,22301631,LF3,149.507818821053,448.523456463158,C,2022-04-01 16:41:38.360
7750,2022-04-01 16:14:05.457,22101606,LF1,102.128242605263,306.384727815789,C,2022-04-01 16:14:08.207
7749,2022-04-01 15:59:05.457,22201608,LF3,327.033107863158,981.099323589474,C,2022-04-01 15:59:08.217
7748,2022-04-01 15:44:12.773,22301630,LF3,34.8169391,104.4508173,C,2022-04-01 15:44:38.147
7747,2022-04-01 15:28:35.447,22101605,LF1,106.414129378947,319.242388136842,C,2022-04-01 15:28:38.100
7746,2022-04-01 14:56:35.457,22301629,LF3,275.860241336842,827.580724010526,C,2022-04-01 14:56:38.260
7745,2022-04-01 14:31:35.460,22101604,LF1,258.675628936842,776.026886810526,C,2022-04-01 14:31:38.123
7744,2022-04-01 13:38:11.847,22201606,LF2,69.2869654,207.8608962,C,2022-04-01 13:38:37.997
7743,2022-04-01 12:50:49.940,22201605,LF2,58.6794427,176.0383281,C,2022-04-01 12:51:08.227
7742,2022-04-01 12:40:56.800,22101603,LF1,260.160008536842,780.480025610526,C,2022-04-01 12:41:08.043
7741,2022-04-01 12:26:11.440,22301628,LF3,94.9090295789474,284.727088736842,C,2022-04-01 12:26:38.120
7740,2022-04-01 10:56:13.230,22201604,LF2,259.429548336842,778.288645010526,C,2022-04-01 10:56:37.980
7739,2022-04-01 10:56:13.213,22201604,LF2,259.429548336842,778.288645010526,C,2022-04-01 10:56:37.967
7737,2022-04-01 10:28:12.040,22101601,LF1,154.878703578947,464.636110736842,C,2022-04-01 10:28:37.963
7738,2022-04-01 10:28:12.040,22101601,LF1,154.878703578947,464.636110736842,C,2022-04-01 10:28:38.037
7735,2022-04-01 10:05:29.973,22301626,LF3,75.8427427789474,227.528228336842,C,2022-04-01 10:05:37.897
7736,2022-04-01 10:05:29.973,22301626,LF3,75.8427427789474,227.528228336842,C,2022-04-01 10:05:37.930
7734,2022-04-01 09:44:49.887,22201603,LF2,190.6690484,572.0071452,C,2022-04-01 09:45:08.470
7733,2022-04-01 09:44:49.883,22201603,LF2,190.6690484,572.0071452,C,2022-04-01 09:45:07.997
7731,2022-04-01 09:00:11.950,22301625,LF3,102.5339048,307.6017144,C,2022-04-01 09:00:37.740
7732,2022-04-01 09:00:11.950,22301625,LF3,102.5339048,307.6017144,C,2022-04-01 09:00:37.790
7730,2022-04-01 08:54:13.530,22101600,LF1,171.681240605263,515.043721815789,C,2022-04-01 08:54:37.937
7729,2022-04-01 08:54:13.140,22101600,LF1,171.681240605263,515.043721815789,C,2022-04-01 08:54:37.893
7727,2022-04-01 08:18:11.140,22401668,LF4,126.132449,378.397347,C,2022-04-01 08:18:37.940
7728,2022-04-01 08:18:11.140,22401668,LF4,126.132449,378.397347,C,2022-04-01 08:18:37.977
7725,2022-04-01 08:02:11.457,22101599,LF1,80.0169063789474,240.050719136842,C,2022-04-01 08:02:37.700
7726,2022-04-01 08:02:11.457,22101599,LF1,80.0169063789474,240.050719136842,C,2022-04-01 08:02:37.793
7723,2022-04-01 07:40:11.533,22301624,LF3,280.184640336842,840.553921010526,C,2022-04-01 07:40:37.710
7724,2022-04-01 07:40:11.533,22301624,LF3,280.184640336842,840.553921010526,C,2022-04-01 07:40:37.720
7721,2022-04-01 07:24:35.847,22201601,LF2,241.685550736842,725.056652210526,C,2022-04-01 07:24:37.823
7722,2022-04-01 07:24:35.847,22201601,LF2,241.685550736842,725.056652210526,C,2022-04-01 07:24:37.833
7719,2022-04-01 06:42:50.840,22301623,LF3,156.634566921053,469.903700763158,C,2022-04-01 06:43:07.750
7720,2022-04-01 06:42:50.840,22301623,LF3,156.634566921053,469.903700763158,C,2022-04-01 06:43:07.793
7717,2022-04-01 06:32:05.837,22101598,LF1,199.009049136842,597.027147410526,C,2022-04-01 06:32:07.760
7718,2022-04-01 06:32:05.837,22101598,LF1,199.009049136842,597.027147410526,C,2022-04-01 06:32:07.833
7715,2022-04-01 05:38:25.203,22401666,LF4,97.7063935789474,293.119180736842,C,2022-04-01 05:38:37.660
7716,2022-04-01 05:38:25.203,22401666,LF4,97.7063935789474,293.119180736842,C,2022-04-01 05:38:37.723
7713,2022-04-01 05:24:25.190,22101597,LF1,150.776804578947,452.330413736842,C,2022-04-01 05:24:37.600
7714,2022-04-01 05:24:25.190,22101597,LF1,150.776804578947,452.330413736842,C,2022-04-01 05:24:37.633
7712,2022-04-01 04:44:12.253,22401665,LF4,158.902203378947,476.706610136842,C,2022-04-01 04:44:37.620
7711,2022-04-01 04:44:12.250,22401665,LF4,158.902203378947,476.706610136842,C,2022-04-01 04:44:37.557
7710,2022-04-01 04:29:30.390,22201599,LF1,128.9436288,386.8308864,C,2022-04-01 04:29:37.713
7709,2022-04-01 04:29:30.387,22201599,LF1,128.9436288,386.8308864,C,2022-04-01 04:29:37.680
7707,2022-04-01 04:01:30.407,22301621,LF3,140.460731021053,421.382193063158,C,2022-04-01 04:01:37.537
7708,2022-04-01 04:01:30.407,22301621,LF3,140.460731021053,421.382193063158,C,2022-04-01 04:01:37.623
7705,2022-04-01 03:11:30.367,22301620,LF3,243.639693510526,730.919080531579,C,2022-04-01 03:11:37.510
7706,2022-04-01 03:11:30.367,22301620,LF3,243.639693510526,730.919080531579,C,2022-04-01 03:11:37.517
7703,2022-04-01 02:36:05.390,22101595,LF1,173.999554378947,521.998663136842,C,2022-04-01 02:36:07.380
7704,2022-04-01 02:36:05.390,22101595,LF1,173.999554378947,521.998663136842,C,2022-04-01 02:36:07.417
7702,2022-04-01 02:15:35.923,22401663,LF4,143.4918574,430.4755722,C,2022-04-01 02:15:37.957
7701,2022-04-01 02:15:35.920,22401663,LF4,143.4918574,430.4755722,C,2022-04-01 02:15:37.517
7699,2022-04-01 01:56:05.390,22201597,LF2,257.242106136842,771.726318410526,C,2022-04-01 01:56:07.560
7700,2022-04-01 01:56:05.390,22201597,LF2,257.242106136842,771.726318410526,C,2022-04-01 01:56:07.607
7697,2022-04-01 01:25:30.393,22401662,LF4,157.736640321053,473.209920963158,C,2022-04-01 01:25:37.470
7698,2022-04-01 01:25:30.393,22401662,LF4,157.736640321053,473.209920963158,C,2022-04-01 01:25:37.520
7695,2022-04-01 01:03:05.390,22101594,LF1,163.228110821053,489.684332463158,C,2022-04-01 01:03:07.390
7696,2022-04-01 01:03:05.390,22101594,LF1,163.228110821053,489.684332463158,C,2022-04-01 01:03:07.480
7693,2022-04-01 00:40:12.730,22301618,LF3,128.339520021053,385.018560063158,C,2022-04-01 00:40:37.620
7694,2022-04-01 00:40:12.730,22301618,LF3,128.339520021053,385.018560063158,C,2022-04-01 00:40:37.647
7691,2022-04-01 00:04:05.383,22101593,LF1,159.433519321053,478.300557963158,C,2022-04-01 00:04:07.310
7692,2022-04-01 00:04:05.383,22101593,LF1,159.433519321053,478.300557963158,C,2022-04-01 00:04:07.333
7689,2022-03-31 23:34:12.087,22301617,LF3,122.322396378947,366.967189136842,C,2022-03-31 23:34:37.313
7690,2022-03-31 23:34:12.087,22301617,LF3,122.322396378947,366.967189136842,C,2022-03-31 23:34:37.323
7687,2022-03-31 22:58:50.980,22401660,LF4,63.5771769789474,190.731530936842,C,2022-03-31 22:59:07.200
7688,2022-03-31 22:58:50.980,22401660,LF4,63.5771769789474,190.731530936842,C,2022-03-31 22:59:07.270
7686,2022-03-31 22:47:31.000,22101592,LF1,234.442949310526,703.328847931579,C,2022-03-31 22:47:37.290
7685,2022-03-31 22:22:34.940,22301616,LF3,84.233517531579,252.700552594737,C,2022-03-31 22:22:37.243
7684,2022-03-31 21:50:12.253,22401659,LF4,0,0,C,2022-03-31 21:50:37.213
7683,2022-03-31 21:16:50.643,22301615,LF3,18.284237731579,54.852713194737,C,2022-03-31 21:17:07.100
7682,2022-03-31 21:08:50.650,22201593,LF2,147.93442411579,443.803272347369,C,2022-03-31 21:09:07.300
7681,2022-03-31 20:15:50.543,22301614,LF3,88.6062435315789,265.818730594737,C,2022-03-31 20:16:07.363
7680,2022-03-31 20:15:50.227,22301614,LF3,88.6062435315789,265.818730594737,C,2022-03-31 20:16:07.503
7679,2022-03-31 20:14:50.570,22101590,LF1,18.372780831579,55.1183424947369,C,2022-03-31 20:15:07.760
7678,2022-03-31 19:38:50.450,22201592,LF2,40.555690531579,121.667071594737,C,2022-03-31 19:39:07.123
7677,2022-03-31 19:32:50.437,22401657,LF4,162.357643015789,487.072929047368,C,2022-03-31 19:33:07.100
7676,2022-03-31 19:00:50.480,22301613,LF3,186.145203815789,558.435611447368,C,2022-03-31 19:01:07.137
7675,2022-03-31 18:38:50.530,22201591,LF2,316.925705710526,950.777117131579,C,2022-03-31 18:39:07.017
7674,2022-03-31 18:21:30.430,22401656,LF4,84.0834007315789,252.250202194737,C,2022-03-31 18:21:37.147
7673,2022-03-31 17:55:35.450,22101588,LF1,187.245399026316,561.736197078947,C,2022-03-31 17:55:36.913
7672,2022-03-31 17:46:50.443,22301612,LF3,91.5839194315789,274.751758294737,C,2022-03-31 17:47:07.030
7671,2022-03-31 16:56:50.453,22201590,LF2,143.402172189474,430.206516568421,C,2022-03-31 16:57:06.830
7670,2022-03-31 16:54:50.483,22301611,LF3,140.7958487302,422.3875461906,C,2022-03-31 16:55:06.887
7669,2022-03-31 16:38:12.180,22101587,LF1,6.4356885,19.3070655,C,2022-03-31 16:38:37.083
7668,2022-03-31 16:06:50.557,22401654,LF4,36.1846321,108.5538963,C,2022-03-31 16:07:06.977
7667,2022-03-31 15:50:10.813,22201589,LF2,106.50865188509,319.525955655268,C,2022-03-31 15:50:36.900
7666,2022-03-31 15:33:30.557,22301610,LF3,175.960394126316,527.881182378947,C,2022-03-31 15:33:36.767
7665,2022-03-31 15:32:12.140,22401653,LF1,0,0,C,2022-03-31 15:32:37.443
7664,2022-03-31 14:29:00.423,22301609,LF3,212.943562489474,638.830687468421,C,2022-03-31 14:29:16.433
7663,2022-03-31 14:10:15.833,22201588,LF2,341.685989910526,1025.05796973158,C,2022-03-31 14:10:16.423
7662,2022-03-31 13:49:40.417,22401652,LF4,111.6941944,335.0825832,C,2022-03-31 13:49:46.443
7661,2022-03-31 13:23:00.393,22101585,LF1,167.646660989474,502.939982968421,C,2022-03-31 13:23:16.427
7660,2022-03-31 13:02:15.790,22401651,LF4,123.4608345,370.3825035,C,2022-03-31 13:02:16.403
7659,2022-03-31 12:43:00.390,22201587,LF2,96.629124531579,289.887373594737,C,2022-03-31 12:43:16.473
7658,2022-03-31 12:08:15.790,22301607,LF3,161.842443789474,485.527331368421,C,2022-03-31 12:08:16.443
7657,2022-03-31 11:45:43.217,22201586,LF2,88.7831663894737,266.349499168421,C,2022-03-31 11:45:46.907
7656,2022-03-31 11:25:40.423,22401650,LF4,76.795087,230.385261,C,2022-03-31 11:25:46.300
7655,2022-03-31 11:11:13.367,22101583,LF1,122.4669284,367.4007852,C,2022-03-31 11:11:16.297
7654,2022-03-31 10:54:12.390,22301606,LF3,121.233910926316,363.701732778948,C,2022-03-31 10:54:16.333
7653,2022-03-31 10:16:20.383,22401649,LF4,201.174900647368,603.524701942105,C,2022-03-31 10:16:46.320
7652,2022-03-31 09:41:00.153,22301605,LF3,130.695632,392.086896,C,2022-03-31 09:41:16.290
7651,2022-03-31 09:01:40.397,22401648,LF4,28.3687708,85.1063124,C,2022-03-31 09:01:46.227
7650,2022-03-31 08:37:44.867,22301604,LF3,85.2300918947368,255.69027568421,C,2022-03-31 08:37:46.020
7649,2022-03-31 08:35:39.923,22101581,LF1,128.698560789474,386.095682368421,C,2022-03-31 08:35:46.083
7648,2022-03-31 07:44:17.863,22401647,LF4,126.2613226,378.7839678,C,2022-03-31 07:44:46.157
7647,2022-03-31 07:20:55.833,22101580,LF1,91.5352906,274.6058718,C,2022-03-31 07:21:15.960
7646,2022-03-31 07:20:16.503,22301603,LF3,216.740384357895,650.221153073684,C,2022-03-31 07:20:46.190
7645,2022-03-31 06:31:35.833,22201582,LF2,185.7757582,557.3272746,C,2022-03-31 06:31:45.950
7644,2022-03-31 06:02:55.820,22401646,LF4,111.660342852632,334.981028557895,C,2022-03-31 06:03:15.950
7643,2022-03-31 05:38:16.263,22201581,LF1,195.3780776,586.1342328,C,2022-03-31 05:38:46.043
7642,2022-03-31 05:09:35.850,22401645,LF4,49.297313231579,147.891939694737,C,2022-03-31 05:09:45.903
7641,2022-03-31 05:07:40.870,22101578,LF1,116.988916626316,350.966749878947,C,2022-03-31 05:07:45.933
7640,2022-03-31 04:20:15.893,22401644,LF4,33.978458531579,101.935375594737,C,2022-03-31 04:20:45.830
7639,2022-03-31 04:10:16.523,22201580,LF2,85.4438772,256.3316316,C,2022-03-31 04:10:45.940
7638,2022-03-31 03:41:00.527,22301600,LF3,116.351406631579,349.054219894737,C,2022-03-31 03:41:15.980
7637,2022-03-31 03:23:40.853,22101577,LF1,115.0033422,345.0100266,C,2022-03-31 03:23:46.057
7636,2022-03-31 02:41:00.330,22401643,LF4,135.926874489474,407.780623468421,C,2022-03-31 02:41:15.967
7635,2022-03-31 02:06:40.927,22101576,LF1,38.3755624,115.1266872,C,2022-03-31 02:06:45.767
7634,2022-03-31 01:56:55.847,22401642,LF4,139.0722564,417.2167692,C,2022-03-31 01:57:15.820
7633,2022-03-31 01:12:55.843,22201578,LF2,90.705974368421,272.117923105263,C,2022-03-31 01:13:15.603
7632,2022-03-31 01:08:55.853,22301598,LF3,41.3070288000001,123.9210864,C,2022-03-31 01:09:15.750
7631,2022-03-31 00:36:40.550,22401641,LF4,83.2887464,249.8662392,C,2022-03-31 00:36:45.773
7630,2022-03-31 00:21:35.550,22201577,LF1,186.7690129,560.3070387,C,2022-03-31 00:21:45.707
7629,2022-03-30 23:34:55.547,22101574,LF1,159.611317757895,478.833953273684,C,2022-03-30 23:35:15.507
7628,2022-03-30 23:30:55.550,22401640,LF4,146.024642305289,438.073926915868,C,2022-03-30 23:31:15.640
7627,2022-03-30 22:54:15.733,22201576,LF2,161.159860878947,483.479582636842,C,2022-03-30 22:54:45.537
7626,2022-03-30 22:37:35.010,22301596,LF3,32.2479868,96.7439604000001,C,2022-03-30 22:37:45.587
7625,2022-03-30 22:14:55.537,22101573,LF1,11.057872531579,33.1736175947369,C,2022-03-30 22:15:16.553
7624,2022-03-30 21:58:55.523,22401639,LF4,133.1613612,399.4840836,C,2022-03-30 21:59:15.720
7623,2022-03-30 21:20:55.513,22201575,LF2,136.9543526,410.8630578,C,2022-03-30 21:21:15.530
7622,2022-03-30 21:13:35.533,22301595,LF3,40.060462,120.181386,C,2022-03-30 21:13:45.613
7621,2022-03-30 21:04:16.100,22101572,LF1,295.5767272,886.7301816,C,2022-03-30 21:04:45.573
7620,2022-03-30 20:39:35.520,22401638,LF4,5.99747433157897,17.9924229947369,C,2022-03-30 20:39:45.583
7619,2022-03-30 20:24:19.280,22201574,LF2,24.435201031579,73.3056030947369,C,2022-03-30 20:24:45.353
7618,2022-03-30 20:20:55.540,22301594,LF3,147.9479927,443.8439781,C,2022-03-30 20:21:15.550
7617,2022-03-30 19:52:55.547,22101571,LF1,26.4487909894736,79.3463729684209,C,2022-03-30 19:53:15.483
7616,2022-03-30 19:23:35.513,22401637,LF4,83.978425631579,251.935276894737,C,2022-03-30 19:23:45.420
7615,2022-03-30 19:01:13.510,22201573,LF2,80.4961512000001,241.4884536,C,2022-03-30 19:01:16.243
7613,2022-03-30 19:01:12.290,22201573,LF2,80.4961512000001,241.4884536,C,2022-03-30 19:01:15.840
7614,2022-03-30 19:01:12.290,22201573,LF2,80.4961512000001,241.4884536,C,2022-03-30 19:01:16.340
7612,2022-03-30 19:01:11.247,22201573,LF2,80.4961512000001,241.4884536,C,2022-03-30 19:01:16.430
7611,2022-03-30 18:47:25.187,22301593,LF3,7.92961803157895,23.7888540947368,C,2022-03-30 18:47:45.407
7610,2022-03-30 18:04:54.973,22201572,LF2,141.4351634,424.3054902,C,2022-03-30 18:05:15.340
7609,2022-03-30 17:48:54.883,22301592,LF3,27.5180227315789,82.5540681947368,C,2022-03-30 17:49:15.290
7608,2022-03-30 17:35:40.020,22101569,LF1,38.5514522,115.6543566,C,2022-03-30 17:35:45.340
7607,2022-03-30 17:07:34.950,22401635,LF4,95.6935713789474,287.080714136842,C,2022-03-30 17:07:45.313
7606,2022-03-30 16:24:54.963,22101568,LF1,181.296638957895,543.889916873684,C,2022-03-30 16:25:15.117
7605,2022-03-30 16:22:55.030,22301591,LF3,170.643631821053,511.930895463158,C,2022-03-30 16:23:15.250
7604,2022-03-30 15:54:25.540,22401634,LF4,285.736128910526,857.208386731579,C,2022-03-30 15:54:45.183
7603,2022-03-30 15:42:54.987,22201570,LF2,163.591797578947,490.775392736842,C,2022-03-30 15:43:15.183
7602,2022-03-30 14:59:39.890,22401633,LF4,163.461766978947,490.385300936842,C,2022-03-30 14:59:45.133
7601,2022-03-30 14:49:40.017,22201569,LF2,141.8577048,425.5731144,C,2022-03-30 14:49:45.130
7600,2022-03-30 14:05:35.353,22101566,LF1,169.552979889474,508.658939668421,C,2022-03-30 14:05:45.173
7599,2022-03-30 13:28:16.630,22401632,LF4,25.2573742000001,75.7721226000002,C,2022-03-30 13:28:45.103
7598,2022-03-30 13:14:16.497,22201568,LF2,50.7668471789474,152.300541536842,C,2022-03-30 13:14:45.107
7597,2022-03-30 12:50:40.363,22101565,LF1,101.474821378947,304.424464136842,C,2022-03-30 12:50:45.100
7596,2022-03-30 12:22:16.623,22201567,LF2,174.3892938,523.1678814,C,2022-03-30 12:22:44.880
7595,2022-03-30 12:16:55.537,22401631,LF4,85.0499036,255.1497108,C,2022-03-30 12:17:14.990
7594,2022-03-30 11:39:35.600,22101564,LF1,124.178352,372.535056,C,2022-03-30 11:39:45.073
7593,2022-03-30 11:16:55.570,22201566,LF2,79.0705731894737,237.211719568421,C,2022-03-30 11:17:14.907
7592,2022-03-30 11:06:16.447,22401630,LF4,57.5160608210526,172.548182463158,C,2022-03-30 11:06:45.000
7591,2022-03-30 10:39:35.937,22101563,LF1,79.3651195789473,238.095358736842,C,2022-03-30 10:39:45.073
7590,2022-03-30 09:57:35.690,22401629,LF4,0,0,C,2022-03-30 09:57:44.860
7589,2022-03-30 09:46:55.813,22201565,LF2,88.2956050263158,264.886815078947,C,2022-03-30 09:47:14.960
7588,2022-03-30 09:16:55.867,22101562,LF1,123.454548021053,370.363644063158,C,2022-03-30 09:17:14.803
7587,2022-03-30 09:08:16.070,22201564,LF3,183.103342589474,549.310027768421,C,2022-03-30 09:08:44.900
7586,2022-03-30 08:38:55.873,22401628,LF4,180.088793989474,540.266381968421,C,2022-03-30 08:39:14.850
7585,2022-03-30 08:14:16.117,22101561,LF1,180.932082821053,542.796248463158,C,2022-03-30 08:14:44.863
7584,2022-03-30 07:42:13.273,22401627,LF4,162.86317761579,488.589532847369,C,2022-03-30 07:42:14.697
7583,2022-03-30 07:39:40.560,22101560,LF1,249.846126642105,749.538379926316,C,2022-03-30 07:39:44.737
7582,2022-03-30 07:26:16.337,22201563,LF2,156.184330778947,468.552992336842,C,2022-03-30 07:26:44.913
7581,2022-03-30 05:17:39.903,22101559,LF1,174.4838702,523.4516106,C,2022-03-30 05:17:44.720
7580,2022-03-30 04:51:34.880,22301587,LF3,50.966027731579,152.898083194737,C,2022-03-30 04:51:44.637
7579,2022-03-30 04:40:25.383,22201561,LF2,257.696276326316,773.088828978947,C,2022-03-30 04:40:44.633
7578,2022-03-30 04:13:36.187,22401625,LF4,212.9017654,638.7052962,C,2022-03-30 04:13:44.673
7577,2022-03-30 03:31:50.740,22301586,LF3,99.4158748315789,298.247624494737,C,2022-03-30 03:32:17.073
7575,2022-03-30 03:31:45.760,22301586,LF3,99.4158748315789,298.247624494737,C,2022-03-30 03:32:16.867
7576,2022-03-30 03:31:45.760,22301586,LF3,99.4158748315789,298.247624494737,C,2022-03-30 03:32:17.287
7574,2022-03-30 03:20:21.733,22201560,LF2,213.721842357895,641.165527073684,C,2022-03-30 03:20:44.877
7573,2022-03-30 02:39:36.107,22101557,LF1,192.882634357895,578.647903073684,C,2022-03-30 02:39:44.930
7572,2022-03-30 02:32:22.437,22301585,LF3,70.0465174315789,210.139552294737,C,2022-03-30 02:32:44.790
7571,2022-03-30 02:05:02.240,22201559,LF2,217.476913,652.430739,C,2022-03-30 02:05:17.193
7570,2022-03-30 01:52:20.640,22401623,LF4,180.852591294737,542.557773884211,C,2022-03-30 01:52:45.473
7569,2022-03-30 01:13:00.727,22101556,LF1,53.1184856894737,159.355457068421,C,2022-03-30 01:13:14.927
7568,2022-03-30 00:52:21.023,22201558,LF2,205.642844842105,616.928534526316,C,2022-03-30 00:52:45.880
7567,2022-03-30 00:41:42.150,22401622,LF4,54.0773596,162.2320788,C,2022-03-30 00:41:44.697
7566,2022-03-30 00:07:50.830,22201557,LF2,217.14808,651.44424,C,2022-03-30 00:08:14.857
7565,2022-03-30 00:07:50.507,22201557,LF2,217.14808,651.44424,C,2022-03-30 00:08:14.653
7564,2022-03-30 00:01:49.127,22301583,LF3,200.002577194737,600.00773158421,C,2022-03-30 00:02:15.033
7563,2022-03-30 00:01:40.610,22301583,LF3,200.002577194737,600.00773158421,C,2022-03-30 00:01:44.680
7562,2022-03-29 23:20:56.300,22401621,LF4,108.983558231579,326.950674694737,C,2022-03-29 23:21:14.857
7561,2022-03-29 23:12:17.217,22101554,LF1,281.840228252632,845.520684757895,C,2022-03-29 23:12:44.773
7560,2022-03-29 22:51:13.523,22401620,LF4,159.716019189474,479.148057568421,C,2022-03-29 22:51:16.840
7559,2022-03-29 22:17:36.077,22201556,LF2,41.572736331579,124.718208994737,C,2022-03-29 22:17:44.350
7558,2022-03-29 21:50:16.433,22301581,LF3,210.650193947368,631.950581842105,C,2022-03-29 21:50:44.280
7557,2022-03-29 21:21:35.550,22201555,LF2,46.249307531579,138.747922594737,C,2022-03-29 21:21:44.127
7556,2022-03-29 21:16:25.300,22401619,LF4,29.3574357315789,88.0723071947368,C,2022-03-29 21:16:44.143
7555,2022-03-29 20:25:40.447,22401618,LF4,0,0,C,2022-03-29 20:25:44.117
7554,2022-03-29 20:14:17.090,22201554,LF2,47.9172417,143.7517251,C,2022-03-29 20:14:44.207
7553,2022-03-29 19:44:57.260,22301579,LF3,0,0,C,2022-03-29 19:45:15.097
7552,2022-03-29 19:21:35.540,22201553,LF2,373.671585910526,1121.01475773158,C,2022-03-29 19:21:44.090
7551,2022-03-29 19:04:15.583,22401617,LF4,92.7844178315789,278.353253494737,C,2022-03-29 19:04:44.140
7550,2022-03-29 18:44:57.657,22101550,LF1,156.104004989474,468.312014968421,C,2022-03-29 18:45:14.700
7549,2022-03-29 17:50:16.150,22201552,LF2,135.573617889474,406.720853668421,C,2022-03-29 17:50:43.893
7548,2022-03-29 17:47:36.120,22401616,LF4,170.528392190289,511.585176570868,C,2022-03-29 17:47:44.100
7547,2022-03-29 17:09:35.287,22101549,LF1,125.907192489474,377.721577468421,C,2022-03-29 17:09:44.113
7546,2022-03-29 16:38:16.260,22401615,LF4,140.352572589474,421.057717768421,C,2022-03-29 16:38:44.010
7545,2022-03-29 15:49:36.147,22101548,LF1,215.5572432,646.6717296,C,2022-03-29 15:49:43.857
7544,2022-03-29 15:43:35.960,22301576,LF3,15.6403757890895,46.9211273672686,C,2022-03-29 15:43:44.450
7543,2022-03-29 15:24:15.973,22201550,LF2,257.999871189474,773.999613568421,C,2022-03-29 15:24:43.927
7542,2022-03-29 15:02:40.970,22301575,LF3,194.454693694737,583.36408108421,C,2022-03-29 15:02:44.030
7541,2022-03-29 14:41:39.943,22401613,LF1,149.439574489474,448.318723468421,C,2022-03-29 14:41:43.897
7540,2022-03-29 13:52:25.200,22301573,LF3,167.227107101989,501.681321305968,C,2022-03-29 13:52:43.710
7539,2022-03-29 13:47:35.063,22201549,LF2,57.7655684894737,173.296705468421,C,2022-03-29 13:47:43.860
7538,2022-03-29 13:00:55.160,22101546,LF1,141.344148878489,424.032446635468,C,2022-03-29 13:01:13.727
7537,2022-03-29 12:50:16.713,22401612,LF4,142.3229206,426.9687618,C,2022-03-29 12:50:43.797
7536,2022-03-29 12:41:00.540,22201548,LF2,164.519644910526,493.558934731579,C,2022-03-29 12:41:13.853
7535,2022-03-29 11:53:35.110,22401611,LF4,156.890303821053,470.670911463158,C,2022-03-29 11:53:43.570
7534,2022-03-29 11:52:55.110,22101545,LF1,286.853565015789,860.560695047368,C,2022-03-29 11:53:13.717
7533,2022-03-29 11:14:13.420,22301572,LF3,191.654445336842,574.963336010526,C,2022-03-29 11:14:13.663
7532,2022-03-29 10:56:16.180,22101544,LF1,279.581231610526,838.743694831579,C,2022-03-29 10:56:43.717
7531,2022-03-29 10:26:55.160,22401610,LF4,85.307990131579,255.923970394737,C,2022-03-29 10:27:13.620
7530,2022-03-29 10:02:15.410,22301571,LF1,65.1043304157895,195.312991247368,C,2022-03-29 10:02:43.603
7529,2022-03-29 09:28:13.390,22101543,LF1,105.095771547289,315.287314641868,C,2022-03-29 09:28:13.590
7528,2022-03-29 09:08:16.240,22401609,LF4,20.807593131579,62.4227793947369,C,2022-03-29 09:08:43.557
7527,2022-03-29 08:14:55.133,22101542,LF1,115.920763589474,347.762290768421,C,2022-03-29 08:15:18.200
7526,2022-03-29 07:30:55.053,22401608,LF4,35.107245431579,105.321736294737,C,2022-03-29 07:31:14.840
7525,2022-03-29 07:20:55.090,22301569,LF3,315.417430010526,946.252290031579,C,2022-03-29 07:21:13.340
7524,2022-03-29 07:16:13.340,22201546,LF2,134.212928015789,402.638784047368,C,2022-03-29 07:16:43.500
7523,2022-03-29 06:59:25.180,22401607,LF4,50.598494031579,151.795482094737,C,2022-03-29 06:59:43.473
7522,2022-03-29 06:31:36.073,22101541,LF1,33.7468852,101.2406556,C,2022-03-29 06:31:43.403
7521,2022-03-29 05:46:57.330,22301568,LF3,160.712382689474,482.137148068421,C,2022-03-29 05:47:13.313
7520,2022-03-29 05:32:57.240,22201545,LF2,130.5980834,391.7942502,C,2022-03-29 05:33:13.223
7519,2022-03-29 05:28:15.990,22101540,LF1,277.298908052632,831.896724157895,C,2022-03-29 05:28:43.370
7518,2022-03-29 04:49:35.860,22401606,LF4,155.380866789474,466.142600368421,C,2022-03-29 04:49:43.337
7517,2022-03-29 03:46:53.157,22401605,LF4,126.8560748,380.5682244,C,2022-03-29 03:47:13.410
7516,2022-03-29 03:42:25.177,22101539,LF1,88.2533532,264.7600596,C,2022-03-29 03:42:43.230
7515,2022-03-29 03:36:40.940,22201543,LF2,17.179647931579,51.538943794737,C,2022-03-29 03:36:43.573
7514,2022-03-29 02:55:34.880,22401604,LF4,138.367397789474,415.102193368421,C,2022-03-29 02:55:43.250
7513,2022-03-29 02:25:25.163,22101538,LF1,171.8796824,515.6390472,C,2022-03-29 02:25:43.140
7512,2022-03-29 02:08:13.350,22301565,LF3,152.9815574,458.9446722,C,2022-03-29 02:08:43.250
7511,2022-03-29 01:36:41.030,22101537,LF1,130.735208778947,392.205626336842,C,2022-03-29 01:36:43.200
7510,2022-03-29 01:02:55.100,22301564,LF3,202.357809,607.073427,C,2022-03-29 01:03:13.110
7509,2022-03-29 00:51:25.253,22201541,LF2,38.13027,114.39081,C,2022-03-29 00:51:43.083
